{
  "Fitness": 5157.783805554952,
  "Generation": 9,
  "WeightsInputHidden": [
    [
      0.6854138577626968,
      0.6667225712332292,
      0.5206990510598594,
      0.9900486698709379,
      0.5505891041315497,
      -0.5434094794095019
    ],
    [
      0.879133824295458,
      -0.4282885163339307,
      -0.3712929823830333,
      0.8055922779713054,
      0.8077823141256941,
      0.5573843533234241
    ],
    [
      -0.32720349648785385,
      -0.2652999075702257,
      0.5738678414827003,
      -0.5138220141870943,
      -0.01460647372270657,
      0.6263835094233978
    ],
    [
      0.7607697268343143,
      -0.7162655921209562,
      -0.2902797817748628,
      0.9482898536894073,
      -0.5839487936247018,
      0.2127687620565055
    ],
    [
      -0.35549265522450374,
      0.6762692755964137,
      0.2607892594666277,
      0.28852887952314615,
      0.5645485578768354,
      0.36273562710618235
    ],
    [
      -0.8631650661848949,
      -0.5887952583690528,
      0.7511825752707957,
      -0.60286984258038,
      -0.5171492434797098,
      0.22925973664788413
    ],
    [
      -0.16171911963186136,
      -0.5432579222232777,
      0.11568720011284259,
      -0.3849074003433026,
      0.163282552143999,
      -0.6378496923524085
    ],
    [
      0.19706869442063124,
      -0.9515330655076739,
      -0.16709998419907923,
      -0.4826682218808538,
      -0.988503211148535,
      -0.6945426050176255
    ],
    [
      0.854064670175041,
      -0.17731185543364614,
      -0.5705901063747538,
      -0.780386346161652,
      0.9232790155716837,
      0.6210140139076381
    ],
    [
      -0.7496845741544589,
      0.7460827026963961,
      0.6604776334953023,
      -0.2894299716002875,
      -0.05393442492260242,
      0.5199719769579576
    ],
    [
      0.09747966841085814,
      0.9221856016052139,
      -0.3609824562035975,
      -1.2275426136189242,
      -0.6577817421302765,
      -0.8163090678997227
    ],
    [
      -0.9107450934479377,
      0.7984983861449038,
      -0.8352361715729102,
      0.08445896478106873,
      -0.19035460067461968,
      -0.53777699215748
    ],
    [
      -0.5372724233752865,
      0.31182701058286044,
      -0.8549294351113115,
      -0.673691146492434,
      0.17990553102336238,
      -0.19191151595949196
    ],
    [
      -0.03442329850442183,
      0.3856996196711797,
      0.5940170456375018,
      -0.24175465669696905,
      0.1367012100496119,
      -0.08269911853792242
    ],
    [
      0.4172225123740929,
      0.672646230794206,
      -1.0313854921033063,
      0.35567925355553814,
      -0.7081050716889683,
      -0.7461812301799433
    ],
    [
      -0.711945215252948,
      -0.30502919950459734,
      0.052103664669329516,
      0.28004044024499974,
      0.5452147152281707,
      0.5540110013421188
    ],
    [
      -0.006454255213524454,
      -0.8605056442052252,
      -0.05050884712307935,
      -0.8807971061935446,
      -0.9601989340075126,
      0.639707907893979
    ],
    [
      -0.27949326599050295,
      -0.6366311391275516,
      0.19076462467910865,
      -0.29758136506210175,
      0.2646132576736091,
      0.10309635843689319
    ],
    [
      -0.39187716361236263,
      0.2621876840791135,
      0.4684337783893635,
      -0.8040530192103494,
      0.21131872345356092,
      -0.20556775888602383
    ]
  ],
  "WeightsHiddenOutput": [
    [
      -0.38854365774035166,
      0.5145521858904185,
      0.595937766830086,
      -0.835990308856295
    ],
    [
      0.5747531167268035,
      -1.2268250783747932,
      -0.4085859242695447,
      0.6583428337254715
    ],
    [
      -0.11709763596657771,
      -0.7644532580369134,
      0.07635412013258831,
      0.13049192287256967
    ],
    [
      -0.4624475608264587,
      0.6575947973771143,
      0.12778867057888352,
      -0.6145120149499474
    ],
    [
      -0.008779110047717253,
      0.7598561456092212,
      1.2604624462999188,
      0.4234703040755694
    ],
    [
      0.5352664689594544,
      0.39513524778871534,
      1.0748154234167342,
      -1.1077504037136996
    ],
    [
      0.5392695891852028,
      0.6819519917639638,
      0.42995067184961333,
      -0.32039056422465917
    ]
  ]
}