{
  "Fitness": 5598.084238084473,
  "Generation": 10,
  "WeightsInputHidden": [
    [
      0.38608103107728403,
      0.25665722933680013,
      -0.6849865413634844,
      -0.6795063247439307,
      0.3004414608689032,
      -0.6175497779335499
    ],
    [
      -0.8771708033003163,
      -0.1418162501573368,
      -0.08116309778418154,
      -0.39569942107399253,
      -0.30701049609638753,
      0.7509094749423844
    ],
    [
      -1.0548070900761224,
      -0.7077231029316804,
      0.2836775971005867,
      0.4706690755053114,
      0.25096188034823586,
      0.3164244104860101
    ],
    [
      0.011870532609757012,
      -0.2576256254233402,
      -0.07979349733026475,
      -0.16497534396257119,
      0.5724897204051081,
      0.8743100301157767
    ],
    [
      -0.28629249947362034,
      -0.8866486078211967,
      0.6370505424120764,
      -0.7005288621233943,
      -0.3115694376875219,
      0.49655411356797097
    ],
    [
      -0.8706115417283466,
      0.6811888009521492,
      0.7604476469617374,
      0.23363568289417397,
      0.35970830004784016,
      0.38731922023422827
    ],
    [
      -0.20446716082780547,
      0.3131761864051965,
      1.0410614770816098,
      0.36046162922905434,
      -0.028169835026169432,
      -0.04409413558779507
    ],
    [
      -0.8720382053503979,
      -0.9589912597176511,
      0.2359348946945425,
      0.16936154116060498,
      1.1300208875005808,
      0.6152506822503199
    ],
    [
      -0.2014376540816841,
      -0.6232930158914864,
      0.16169189951991617,
      0.931023798331222,
      -0.3942584248987604,
      -0.6641083970070212
    ],
    [
      -1.0158964736134024,
      -0.2775252030469242,
      -0.9160154882771456,
      0.7507894122965137,
      -0.1863535247354411,
      0.03978817427371681
    ],
    [
      -0.7728253878692214,
      0.33040270427203144,
      -0.5279596538589801,
      0.3987089044645121,
      -0.20329533567143523,
      0.49253705540101445
    ],
    [
      -0.8053911820789859,
      0.6942423822755274,
      -0.4124579925831764,
      0.844294255260043,
      -0.10253430763067617,
      -0.6412313104791969
    ],
    [
      -0.18828959992090155,
      0.5226675889569743,
      0.5602038956103927,
      0.2557835586546944,
      -0.5728696756616827,
      -0.9319299990937664
    ],
    [
      0.890266909136886,
      0.45617822302291783,
      -0.1309965179164853,
      -0.18739883884076847,
      0.8733485768467618,
      -1.0292469384325804
    ],
    [
      0.42712873107283494,
      0.48001574844247585,
      0.7724011979429872,
      0.8609412642722511,
      0.24008372000066314,
      -0.0020688152984871255
    ],
    [
      -0.11115541491897675,
      0.5344558847418754,
      0.6983530171950074,
      -0.5576042964581387,
      0.31079480481033045,
      0.17271196631731994
    ],
    [
      -0.7893055652141523,
      -0.9430875687971151,
      -0.07320799650311649,
      0.96233255496922,
      0.07482523813837805,
      0.7173364477688984
    ],
    [
      -0.07323694108104577,
      -0.7437663646199235,
      -0.3416598942992215,
      -0.7290612552715612,
      0.8658558179675675,
      0.7963734575943975
    ],
    [
      0.5347294665559821,
      -0.4011849283630548,
      -0.5825063020185856,
      -0.19578136282737724,
      0.14538653876220264,
      -0.20463860817881863
    ]
  ],
  "WeightsHiddenOutput": [
    [
      0.4469255142557993,
      0.4876684702282139,
      1.123945581052164,
      0.5990916880257706
    ],
    [
      -0.6637732539280694,
      0.7992566923427802,
      -0.7027925161229286,
      0.7212998273718534
    ],
    [
      0.009498118159865204,
      0.8585189540661211,
      0.03153248893986471,
      -0.6038008495452469
    ],
    [
      0.8155871134588488,
      -0.35606710349729537,
      -0.8269919733563829,
      -0.09059017793125457
    ],
    [
      0.96746934066987,
      -0.23861783028313344,
      1.191478014909274,
      -0.08920878771958951
    ],
    [
      -0.8360326129452238,
      -0.61601942399174,
      -0.14557446448362787,
      -0.3943715383602828
    ],
    [
      -0.05100881898692648,
      0.8687775426754523,
      0.29610330232494625,
      0.7820253752016697
    ]
  ]
}