{
  "Fitness": 4043.842390578164,
  "Generation": 10,
  "WeightsInputHidden": [
    [
      0.751169288595772,
      0.22914403622362364,
      -0.7207723227805103,
      -0.3027124195325719,
      0.8312814884088711,
      -0.07750719719816801
    ],
    [
      -0.5331160795746742,
      -0.6649401672987041,
      0.8157453505686679,
      -0.40118524216625984,
      -0.6498657342657276,
      -0.24883058951513415
    ],
    [
      0.5185388339856977,
      0.43119141138112654,
      1.0320591873598808,
      -0.8193496693187527,
      -0.8396128884865606,
      0.005411555991014422
    ],
    [
      -0.23217937125441201,
      -0.3756963718117037,
      -0.7216276398342087,
      0.46305125826318605,
      0.4581307540602263,
      -0.07638324540231212
    ],
    [
      0.5609498439177292,
      -0.31028299044952723,
      0.2535534898844515,
      0.2401529283719075,
      0.06089399479971047,
      -0.553469580789104
    ],
    [
      -0.7776068843491231,
      -0.24911399560625908,
      1.1981774870578925,
      0.7752367967552969,
      -0.6488001273403378,
      -0.9492363478863848
    ],
    [
      -0.5865403903152762,
      0.9957360382923528,
      0.20857058390956928,
      -0.5386439160409517,
      -0.5581190630746173,
      -0.47816806341061746
    ],
    [
      0.9286360935611742,
      0.41106841532121824,
      0.007961119100064508,
      0.7888037884617569,
      0.25148951118534724,
      -0.25205971346921774
    ],
    [
      -0.4982971664542297,
      0.7189126972368819,
      0.4295235586192645,
      -0.8265390670947537,
      0.7985630245547319,
      0.1611026437646379
    ],
    [
      1.1049585035516605,
      0.046231680496145205,
      -0.13969077009259778,
      0.611450009866138,
      0.7287894981841265,
      -0.08248999361030313
    ],
    [
      0.06868987212492073,
      0.3708422081466711,
      -0.4797859720044247,
      0.8973755610262253,
      -0.9399862968780526,
      0.14696003125751034
    ],
    [
      1.000381643825417,
      -0.780924577115907,
      -0.35302040866997125,
      0.47106751111877454,
      0.923776028538202,
      -0.8435601480953454
    ],
    [
      -0.2515466525136549,
      0.6537154153507483,
      0.07542803887132987,
      1.0209312296905082,
      1.0655646715461111,
      -0.30133374239491706
    ],
    [
      0.8507760905026923,
      -0.2887458906446383,
      -0.7040510508200759,
      -0.6969945410308833,
      -0.7092162194345267,
      -0.021959165376551536
    ],
    [
      -0.6202640716591431,
      -0.403303375301515,
      -0.9926669612404588,
      -0.4648071471675223,
      0.14408465132871973,
      0.1059252437736942
    ],
    [
      -0.07931193707081485,
      0.26089272503035893,
      0.3010881329748629,
      -0.8817203414073671,
      0.0794241587415756,
      0.706261125898302
    ],
    [
      0.24640666378949105,
      0.39692521812871084,
      -0.4616460984426775,
      0.8270211754562014,
      -0.8728987804898329,
      -0.17006059334424473
    ],
    [
      -1.0816096039682714,
      0.003394749109495221,
      0.003631871694477401,
      -0.7480144238720025,
      -0.19764994499312552,
      -0.808410755384207
    ],
    [
      0.5566321129370844,
      -0.5852554469645901,
      0.6295443950106783,
      -0.8260706051261582,
      -0.22986329656820392,
      -0.14515310025443062
    ],
    [
      -0.7613603948622003,
      0.36653743107896486,
      0.5605451151159113,
      0.014893463032389143,
      0.06129944986678877,
      -0.1073112205547064
    ]
  ],
  "WeightsHiddenOutput": [
    [
      0.35248826630294733,
      0.13746820421482586,
      -0.9320495927188115,
      0.937502769601108
    ],
    [
      0.6245763846841472,
      -0.4035588091803779,
      0.7629683780377461,
      0.5863081071934659
    ],
    [
      -0.10099544027217289,
      -0.3103027203367958,
      0.6822367484718574,
      -0.31045663571192184
    ],
    [
      0.017572844313103575,
      -0.9984856999478191,
      0.3346312462486807,
      0.9514371511145452
    ],
    [
      0.7764892709876368,
      0.01577794941222177,
      -0.43763972690705777,
      -0.2498938002175077
    ],
    [
      -0.6443785745781706,
      0.6192237058024797,
      0.09138623057086603,
      -0.2622486508090971
    ],
    [
      -0.31582456857459856,
      0.6485594004018429,
      -0.4767149655271832,
      0.10511080805795679
    ]
  ]
}