{
  "Fitness": 4358.59143756113,
  "Generation": 45,
  "WeightsInputHidden": [
    [
      -0.9636060136485691,
      0.8430822943595565,
      0.9819179138407625,
      -0.3119311022968944,
      -0.7873116814316186,
      -0.784928001945386
    ],
    [
      0.6362057789101986,
      0.43272416197838215,
      0.4236835919861332,
      0.24869011153984327,
      0.654491324777103,
      0.17797973016377064
    ],
    [
      -0.18837175414908167,
      0.10912413525274639,
      1.0906780063535788,
      0.12983089659440855,
      -0.42007074973030206,
      0.8459754966647158
    ],
    [
      -0.650056350063061,
      0.21226411567340597,
      -0.04480219416624456,
      0.19162750952719243,
      -0.7648525942532634,
      0.8117341524159167
    ],
    [
      0.9000502945266492,
      0.4313881411007088,
      1.5760086975069623,
      0.06823626879054356,
      1.12518946161838,
      -0.7978930713293517
    ],
    [
      0.04617815793213095,
      -1.232695285679877,
      -0.8814887344771278,
      -0.6271474374906046,
      0.34536504084848374,
      -0.1291962117718229
    ],
    [
      0.6112700446610551,
      -0.41405751928542106,
      0.46174135820556544,
      -1.1393070525313058,
      0.8721154898178922,
      0.8147240927602236
    ],
    [
      -0.7746666065458451,
      0.3736933836042964,
      0.23286824021600172,
      0.3434397406229207,
      0.7182500031519123,
      0.08540963037851765
    ],
    [
      -0.35288710039440163,
      -0.31261542460773567,
      0.10187153555123274,
      1.5528142806583543,
      -0.052848940947250414,
      0.07397038639141851
    ],
    [
      0.6666313536210751,
      -0.3631483983407513,
      -0.8548284741737606,
      0.15807083619824155,
      -0.14868554713195542,
      -0.6116459298943231
    ],
    [
      -0.06774246774159223,
      -0.8296691632625464,
      0.08245770171035871,
      0.41594414989541273,
      0.4048968843505487,
      0.1258797384596266
    ],
    [
      -0.8689501192408906,
      0.22255869927182034,
      -1.0657120096607162,
      1.4766596830842802,
      -0.2331132240939007,
      -0.7049586333540341
    ],
    [
      -0.5924463057209782,
      0.9895965872159984,
      -0.19326628385383815,
      -1.329154449857709,
      -1.105329314081491,
      -0.8190737168157183
    ],
    [
      0.3839767538129143,
      0.8932545610657907,
      0.45615890617042437,
      -1.292530782256226,
      0.4048968527763069,
      0.0033159523568370847
    ],
    [
      0.41743550134598495,
      0.7214986310090284,
      -0.790773691722478,
      -0.26232864819470936,
      0.3257637264961041,
      -0.0901356623409211
    ],
    [
      -0.8368904859787549,
      1.1445094882153835,
      0.08847732560850208,
      -0.8574993024147273,
      -0.7826929102494223,
      -0.789190231601597
    ],
    [
      0.46640109261867213,
      -0.5900020215886782,
      0.34850480614345847,
      0.13327179546692594,
      -0.6112364588989443,
      1.3249756911839357
    ],
    [
      -0.03626924541455748,
      0.3160653818358058,
      -0.6903368578092645,
      -0.6115622607299804,
      -0.9442761255055553,
      -0.6522357405552768
    ],
    [
      -0.15095699286642061,
      0.27461318761418174,
      -0.07902767527849223,
      0.6985964726129507,
      -0.06720848586654823,
      -0.15438382065566172
    ],
    [
      -0.34049216543613453,
      -1.016592311824083,
      0.1253975313946864,
      0.5518462036829856,
      0.7154037135233431,
      -1.1447923453338273
    ]
  ],
  "WeightsHiddenOutput": [
    [
      -0.6419494287941714,
      -0.664782243380384,
      -0.31174706084154874,
      0.597095664701596
    ],
    [
      -0.4049521784280248,
      1.155793216194273,
      0.35256233641891455,
      0.8728157233769896
    ],
    [
      -0.49078059334393576,
      0.798450555210048,
      0.5987840734605535,
      -0.4679565382297124
    ],
    [
      0.5848760277336471,
      -0.9949358145528282,
      -0.30309394981760573,
      0.19987693634648473
    ],
    [
      0.3208924192946459,
      -0.7507069833685812,
      0.9313874323947497,
      -0.013590314135242865
    ],
    [
      0.17845673732261813,
      -0.6829218315251442,
      0.5470028054230287,
      1.5306416758310661
    ],
    [
      0.8160779640925787,
      1.126705428350684,
      -0.9291605585355809,
      0.5930955765078956
    ]
  ]
}