{
  "Fitness": 4407.809404576359,
  "Generation": 40,
  "WeightsInputHidden": [
    [
      0.8761600002125829,
      0.9368573818645108,
      -0.2536385394136859,
      -0.796575770711883,
      0.23449738531009645,
      0.1309720660216538
    ],
    [
      -0.9051494564750984,
      0.4266712700540557,
      -0.39686384113573925,
      0.0005239546190265454,
      -0.9524533600064277,
      0.34333099190482286
    ],
    [
      0.08482137451887017,
      -0.16578563701096505,
      -0.7283860805387663,
      0.9258729592916576,
      -0.03838273165970911,
      0.37062340402919186
    ],
    [
      -0.25899595094194117,
      -1.0110657013128004,
      -0.47294270461222243,
      0.8699223306693673,
      -1.1727997760480333,
      -0.08979191152557014
    ],
    [
      0.5130736384871302,
      0.3066514462690819,
      0.5061276417091991,
      1.0274767566966791,
      -0.3733513178047422,
      0.45249518643363734
    ],
    [
      0.4304143039224701,
      -0.522870386987278,
      -1.2204273405551511,
      0.1482824622678302,
      -0.5638915983128335,
      1.1635421310367196
    ],
    [
      -1.418279013596405,
      1.1144020795348661,
      -0.927137868074454,
      0.11024879531150265,
      -0.6543583457051334,
      0.2927132442907489
    ],
    [
      0.34559594333748805,
      -0.011729444874161832,
      -0.1520686332660768,
      -0.2647703132895096,
      0.505186583207834,
      0.8426231876511823
    ],
    [
      0.9751032475674085,
      0.8225674290644684,
      0.6247833344822213,
      -1.0644460047031896,
      -0.561186071735722,
      1.1825779165202392
    ],
    [
      0.9306634323981398,
      -0.6743661597765592,
      0.8151294001483211,
      -0.36918497376279363,
      1.4433019617269776,
      0.2693975910703221
    ],
    [
      0.18806937652864064,
      0.2683090582091009,
      1.1486410993212102,
      -0.6053560365888945,
      -1.1466240845645228,
      0.14510083191879516
    ],
    [
      -0.9995694491362371,
      -0.07019342864360054,
      0.07081327247465789,
      -0.8925141077646853,
      -0.7099837426060778,
      -0.37226667318495676
    ],
    [
      -0.3037033075505983,
      -0.6975169967297812,
      1.0321712242460268,
      0.6861892316618731,
      0.24144718388440134,
      1.0060876479839351
    ],
    [
      0.2594829061462185,
      0.03807753736385873,
      -0.48808194304934255,
      -0.5533869693349265,
      -1.3271108653173818,
      -0.22289244854284793
    ],
    [
      0.9823823078391777,
      -0.20811841173778434,
      0.08392900823051175,
      0.2868724004793643,
      0.6019921975858735,
      -0.3047598864941915
    ],
    [
      -0.4602528771468978,
      -1.0856391464254767,
      -0.15321364982480923,
      -0.6518467270115148,
      0.30301363094923384,
      -0.5025478030164479
    ],
    [
      -0.7844068904386892,
      0.6597555058060909,
      0.9882090813249755,
      0.10052425128714332,
      -1.5011782429364346,
      0.12040329755972357
    ],
    [
      -0.22045879477924823,
      0.37083984068815523,
      -0.40169529871482434,
      -0.7579780648398244,
      0.47191752797461345,
      -0.08661557402491754
    ],
    [
      -0.7965278891496506,
      -0.8166141328521273,
      0.4532248507882757,
      0.7050528175843337,
      -0.2477344332320627,
      0.16594381536465297
    ],
    [
      0.22868568244350634,
      0.7578825600778165,
      0.6961804034474157,
      1.1403992718857754,
      0.9934337264592613,
      0.18102137388716788
    ]
  ],
  "WeightsHiddenOutput": [
    [
      -0.9726847247616197,
      -0.553692012714709,
      -0.4947489116534312,
      -0.42737077051821704
    ],
    [
      -0.23490633255361845,
      0.5840065043462119,
      0.14028694188469717,
      -0.6812658785019675
    ],
    [
      -0.7369326308977491,
      -0.727872547033118,
      -0.23360747853318234,
      0.9612499393533381
    ],
    [
      -1.1233485383536221,
      -0.22737698057093933,
      0.3576270089131306,
      -0.5616217209524299
    ],
    [
      -0.20935096571669837,
      -0.535566464224998,
      0.26641765377039034,
      -1.0184454145674267
    ],
    [
      0.7836489883376353,
      -0.6051902777893519,
      -0.7105824015036668,
      -0.7454942210594762
    ],
    [
      0.05783117469721724,
      0.42566977566368575,
      0.8339074520649438,
      1.2432424628551737
    ]
  ]
}