{
  "Fitness": 3027.2429536481004,
  "Generation": 2,
  "WeightsInputHidden": [
    [
      0.7493222313323136,
      0.6586641162018517,
      0.05754600390009923,
      0.9769725299031615,
      0.015325070395724616,
      -0.75466824833835
    ],
    [
      0.49652302867707365,
      -0.9539954785959024,
      0.39027718932497346,
      0.22237421431141047,
      -0.8562387999025567,
      -0.19000759098202868
    ],
    [
      -0.9368698732844056,
      -0.03154412951071839,
      -0.35767349180581,
      -0.9541211503464871,
      -0.6098471140778533,
      -0.8915601427490214
    ],
    [
      0.1611645804729478,
      -0.6052801673690871,
      -0.8941706186497591,
      0.9927040174718438,
      0.2923771053380426,
      0.9106513575132298
    ],
    [
      -0.24202894167213884,
      0.3246849600303172,
      0.05864351337092133,
      0.6166583383053634,
      -0.32336193171746075,
      0.854045966340612
    ],
    [
      -0.9141989338952192,
      -0.10933309416452741,
      0.3098604805130878,
      0.24962416964068113,
      0.5128509468378915,
      -0.18614469200201778
    ],
    [
      0.39485297626241533,
      -0.7987677522249468,
      0.12211844131862559,
      0.7662384820227044,
      -0.9762696705614056,
      0.3944265808883436
    ],
    [
      0.769792486348746,
      -0.4819312210582111,
      -0.5782302146352425,
      -0.36139382192648856,
      -0.9201091024049686,
      -0.3169050587668574
    ],
    [
      -0.7604616122598091,
      0.9735971726682886,
      0.5375750551234642,
      0.2876904154400577,
      0.3198546811107481,
      0.648925305581515
    ],
    [
      -0.15356166493980083,
      -1.0368112233361453,
      -0.3981429312259348,
      -0.20846173777280197,
      -0.9215577607817975,
      0.25552075576860567
    ],
    [
      0.45782258842155676,
      -0.18207738547124053,
      -0.48039304519438053,
      -0.07731184163851545,
      -0.787875277304132,
      0.7897712964234447
    ],
    [
      0.5252831634894379,
      0.8231757257863042,
      -0.3804456468574049,
      0.6980010254808438,
      0.7574274170193346,
      -0.02878034879867508
    ],
    [
      -0.02609188407888241,
      0.6778589845453937,
      0.5325724266214316,
      0.3266398383097009,
      0.5142020877659468,
      0.18414527099281286
    ],
    [
      0.34292579345053653,
      0.8296778762434205,
      -0.4447704831045783,
      -0.4763815607686419,
      -0.8039212595821683,
      0.6639621669306499
    ],
    [
      0.012266874943132056,
      -0.6894890106530978,
      0.8942536324186918,
      -0.9020078340420894,
      0.45903855976153163,
      -0.5825023001840677
    ],
    [
      0.5132158032501415,
      0.16378003480011083,
      -0.7863784813156702,
      -0.9453130416280491,
      -0.0608579940199776,
      -0.2604089642607408
    ],
    [
      -0.26140471260595355,
      0.4107493306638126,
      0.025412817132866028,
      0.38167446800731253,
      -0.9451976699755844,
      -0.2850831871062802
    ],
    [
      -0.11670789450350139,
      -0.16602629321771167,
      0.7732866840730341,
      -0.7709498309110931,
      0.6755429779028743,
      -0.5309799353775118
    ],
    [
      -0.812601877374806,
      -0.8131132991231462,
      -0.9257843773766923,
      0.8893627297393085,
      -0.029901152276297083,
      -0.051403002214924554
    ],
    [
      0.24416181218531174,
      -0.3189441945488778,
      -0.31676613539344833,
      0.42576320140497237,
      0.07599653505797219,
      -0.931273181266475
    ]
  ],
  "WeightsHiddenOutput": [
    [
      0.07344646661928689,
      -0.8386735348730996,
      0.008642999149351738,
      0.773203709524005
    ],
    [
      -0.46218124182286524,
      0.9282369359310474,
      0.31560151056521657,
      -0.49809063980077717
    ],
    [
      -0.09252114546517243,
      0.47810342579017506,
      0.7877630684372434,
      0.32058679500724474
    ],
    [
      0.9169421031353036,
      -0.35926972079133845,
      -0.5188675479540472,
      -0.72009335070593
    ],
    [
      -0.809704092367467,
      0.4289561812224567,
      -0.8782988943945005,
      1.0840099340137357
    ],
    [
      -0.06462040731734864,
      -0.3766707441975057,
      0.47163799366010495,
      0.08055835934823125
    ],
    [
      0.5127777404152771,
      0.757084798240955,
      0.4197836082221129,
      0.8418169338902026
    ]
  ]
}