{
  "Fitness": 5980.0843887512,
  "Generation": 10,
  "WeightsInputHidden": [
    [
      0.0630020591258448,
      0.8539115195035825,
      -0.5158289515969801,
      -0.15209781698841818,
      -0.15947151535909554,
      0.4650655090197784
    ],
    [
      -0.2668448642851917,
      -0.5414050801737096,
      0.7393496564790054,
      -0.6175321811566848,
      0.773999479773486,
      -0.11191647635088611
    ],
    [
      -0.9500688206213119,
      0.0915832116044184,
      -0.7836855018180013,
      0.223134548429752,
      0.196800980762182,
      0.07278730076876294
    ],
    [
      0.9939829265192217,
      0.6541144566264752,
      -0.7317194760427512,
      0.6574284091778713,
      -0.33459955089601534,
      -0.04989845560344697
    ],
    [
      0.05687562391987122,
      -0.7286718388159991,
      -0.6426002920850651,
      0.22257827082217443,
      0.4916292415634076,
      0.5260578442732156
    ],
    [
      0.5610541929869828,
      -0.7165724266412058,
      -0.2544596084442381,
      -0.16323970686986358,
      0.7778715872615036,
      0.33396993906393235
    ],
    [
      -0.8197161015853475,
      -0.029028062031688506,
      -0.594390987286993,
      -0.0568756040642739,
      -0.338598202186444,
      -0.776279719336446
    ],
    [
      -0.39997343213403136,
      0.697101245086285,
      0.5827084875050215,
      0.2932165968163607,
      -0.5234222223493261,
      0.23334593600471543
    ],
    [
      0.061251221848800386,
      0.6121974120925748,
      0.09199766304238333,
      -0.5471455790465052,
      -0.6013942717198902,
      -0.968041037852819
    ],
    [
      -0.623580434138582,
      0.2474933426468109,
      -0.46220604944401067,
      -0.4571924582503184,
      -0.3298252820561869,
      -0.2858342901545713
    ],
    [
      0.36256807331067764,
      0.8123904994773998,
      0.8224003693438111,
      -0.49652930257739913,
      -0.3872751891241206,
      0.022860693243058755
    ],
    [
      0.1655765884036875,
      -0.9867958662685133,
      0.3667428627148994,
      0.28625989951969877,
      0.3137131945688718,
      -0.7472575556366055
    ],
    [
      -0.09695092078057083,
      -0.5774888633728916,
      0.022388609795493508,
      0.29888265996085395,
      0.8526612305177035,
      -0.26231968166658626
    ],
    [
      -0.6978888566238768,
      0.9091957481893942,
      0.22380327993574567,
      -0.7598635089346399,
      0.941783293506228,
      -0.4692421011783834
    ],
    [
      -0.5202355754247212,
      -0.13429850728598458,
      0.7130181096293486,
      1.0439477153456984,
      -0.13804217736754354,
      0.9453104514537012
    ],
    [
      0.948610941693262,
      0.6788901280630739,
      -0.46691373829646365,
      0.7969008928936057,
      -1.0414488024344994,
      0.007936513931040029
    ],
    [
      0.36054449889976625,
      -0.004139913744027057,
      -0.9053291896419338,
      0.620006098853335,
      -0.18884164948191645,
      0.38481140427985294
    ],
    [
      0.20093674240760073,
      0.08342462541459175,
      -0.6093182460733737,
      -0.07208231600397283,
      -0.19768833698897925,
      -0.30996076818791846
    ],
    [
      -0.2644026634531018,
      -0.48111686902000317,
      0.8547988125265797,
      0.112186574229582,
      0.7362315741238316,
      0.8745270708981774
    ],
    [
      -0.15185043985227198,
      0.9865477022410363,
      0.19827981884744394,
      -0.7999019838873702,
      0.36284324620420016,
      -0.49090257167301055
    ]
  ],
  "WeightsHiddenOutput": [
    [
      -0.17173269175987205,
      -0.5311661322272478,
      0.4811035353459968,
      0.4138514947589742
    ],
    [
      0.35046279499955013,
      0.37268689007360223,
      -0.45492816219434606,
      0.5773923271493211
    ],
    [
      0.31501765279017335,
      0.3657332314737578,
      -0.36444520478789344,
      -0.4914517253482174
    ],
    [
      -0.9772726939306684,
      0.8830125335182959,
      0.9776072575629351,
      -0.47829958361952196
    ],
    [
      0.5140774331897555,
      0.6083640305024915,
      0.6026109274233608,
      -0.4794253708377165
    ],
    [
      -0.34194121094604235,
      -0.22046436265758507,
      0.34174897788865266,
      0.986119741372276
    ],
    [
      -0.5196289455432526,
      -0.7287895868834073,
      -0.19713360948569503,
      -0.9562134870426449
    ]
  ]
}