{
  "Fitness": 3027.2429536481,
  "Generation": 3,
  "WeightsInputHidden": [
    [
      -0.46166318258266426,
      0.9613302811400721,
      -0.267235682522307,
      -0.5866278157061675,
      0.373191221302964,
      0.9815435447300778
    ],
    [
      -0.5542896534279762,
      -0.6849470256739454,
      -0.7552192465602405,
      0.4989859526715268,
      0.23563007658466528,
      -0.7843639713782595
    ],
    [
      -0.5310192459235845,
      0.04348057902541691,
      -0.9470206515863782,
      -0.15433120936777533,
      0.20435585764218533,
      0.713294046058768
    ],
    [
      -0.656882829469779,
      -0.642172866155547,
      -0.6756155452663177,
      -0.4085799015125171,
      -0.7839272032192612,
      -0.7485091142175468
    ],
    [
      0.6941422982405235,
      -0.06123956866361602,
      -0.24074010844157567,
      0.2174757764159616,
      -0.8244034635030462,
      -0.2543621549145172
    ],
    [
      -0.5296430109842016,
      -0.6958441097733219,
      0.6211926382095998,
      -0.565662138040441,
      0.6184861100829291,
      -0.3325102584475783
    ],
    [
      0.970831817130152,
      -0.46412336000974985,
      0.4683039112223151,
      0.5513637221401335,
      0.36233424834376415,
      -0.6057769273510685
    ],
    [
      0.7682603115153537,
      0.5115757373484537,
      0.2646912468699706,
      -0.901401471558313,
      0.6396867933025594,
      -0.9439133197812541
    ],
    [
      0.6793377860935601,
      0.27219013251422086,
      0.3240925605143882,
      -0.8870008424436423,
      -0.7820423654445061,
      0.1833687108890265
    ],
    [
      -0.10087967002285403,
      0.9554563595615535,
      -0.5349432207470888,
      0.6462736383922847,
      -0.9760733796648231,
      -0.7010146237244472
    ],
    [
      -0.5907153225155035,
      -0.2919615226111152,
      -0.3261610572917426,
      0.6998026600651431,
      -0.016188875358071453,
      -0.8673150769763833
    ],
    [
      -0.8020285392006108,
      -0.5528112596008841,
      -0.8777193137200414,
      0.6044850255556267,
      0.3975076924632017,
      0.0005499440464467042
    ],
    [
      0.8030366497275577,
      -0.6208171842996644,
      0.3957408449104107,
      -0.7216822577744206,
      0.9178477328336434,
      0.05974746984961232
    ],
    [
      0.07778045525603994,
      -0.6939710476965542,
      -0.7001340347043437,
      0.07380986600384154,
      -0.28739021012750765,
      0.9123633692544671
    ],
    [
      0.0663916039881518,
      0.021204164568024764,
      0.8177543478912598,
      0.1307730296440206,
      -0.735591579399014,
      0.866887134609899
    ],
    [
      0.39405764594633363,
      -0.5023795900099961,
      -0.05995263178733268,
      0.8182562697346822,
      0.23581895601999336,
      -0.046292712098579145
    ],
    [
      0.013962235022684677,
      0.6634423097847406,
      -0.7862351172897313,
      -0.6954949406439945,
      -0.23890911235301626,
      -0.4303622633959503
    ],
    [
      0.40757764899182625,
      -0.555180808267578,
      -0.23744323090346153,
      0.5320194550265887,
      -0.6604269531251696,
      0.3797560525660246
    ],
    [
      -0.7332704715078388,
      0.2920889938205795,
      0.3983122768115257,
      0.06907641102759393,
      0.3927392282216331,
      0.9569714656069284
    ],
    [
      0.9112594134057339,
      -0.4024684659959527,
      -0.6894407163056535,
      -0.7286537811156264,
      -0.12881502703194764,
      0.9368246132849594
    ]
  ],
  "WeightsHiddenOutput": [
    [
      -0.2807302238051148,
      -0.05236809413627164,
      0.3524520513693674,
      -0.15314114993767736
    ],
    [
      -0.5005645927494149,
      0.43629710995152915,
      -0.3396407821243934,
      0.8676239449117593
    ],
    [
      0.4222071845281643,
      -0.431571685194698,
      -0.9445078711846575,
      0.4017139241308241
    ],
    [
      -0.514522932676218,
      0.1893425822650065,
      -0.7359520674194961,
      -0.11146677602692479
    ],
    [
      -0.0503358196155983,
      -0.8539538819463983,
      -0.12797833605488312,
      0.36589653610423856
    ],
    [
      0.22225861252476276,
      0.6685087318384242,
      -0.6162628879385903,
      0.4057000466961709
    ],
    [
      0.9304478550027675,
      -0.6873293742690956,
      0.6163208788352641,
      -0.6068603195727567
    ]
  ]
}