{
  "Fitness": 3027.2429536481004,
  "Generation": 1,
  "WeightsInputHidden": [
    [
      -0.9792471768855187,
      -0.6440942913318066,
      -0.39202091850100174,
      -0.29519354248614404,
      -0.19446564549938428,
      -0.8345116577244791
    ],
    [
      0.8878417420202831,
      -0.49305110521155004,
      0.4787737754929797,
      0.8445939142966961,
      0.15472641643847185,
      0.7796786069655701
    ],
    [
      -0.5854755500623654,
      -0.043410442293594365,
      -0.8430137936865938,
      -0.5446951985974609,
      0.7599597106822817,
      -0.7867208975956246
    ],
    [
      -0.595473857109537,
      -0.9835558597059957,
      0.7264140555609777,
      -0.447878968399277,
      -0.6866205235902128,
      0.24904108797744384
    ],
    [
      0.5701879640468515,
      -0.4096335008446972,
      0.4819043835438146,
      -0.8116982277744864,
      0.43082392674001047,
      -0.5132579963307506
    ],
    [
      0.6102143834470202,
      -0.47255215033713216,
      0.5839247838655772,
      -0.8134925959821813,
      -0.26562040715984847,
      0.21503638864699703
    ],
    [
      0.6471832815748408,
      0.18603967807096167,
      -0.4719531219590398,
      -0.11269732499495078,
      -0.880783957839463,
      0.08044176038329631
    ],
    [
      -0.20936192647326335,
      -0.4887894804009867,
      -0.015566182633173664,
      0.7255344521808573,
      -0.7346657488890791,
      0.7870459471484925
    ],
    [
      -0.9142851313090934,
      0.8609894250437888,
      0.5077350971937364,
      0.8894642565124684,
      -0.41784149562146067,
      -0.3942094463060344
    ],
    [
      0.3135012194660167,
      -0.6317403601799061,
      0.4808646060948245,
      0.3785509039943573,
      0.6490927853498527,
      -0.1838584656865776
    ],
    [
      0.96237380309336,
      0.3078919928199533,
      -0.12776443941991733,
      -0.7532156705576944,
      -0.15204748631858012,
      0.371892000778997
    ],
    [
      -0.5943286533446446,
      0.7714496395506552,
      -0.2973087191328643,
      0.8626853768217035,
      0.30388296540264226,
      0.921410088467568
    ],
    [
      0.7087192726443365,
      -0.7401432475025815,
      -0.6028020494855788,
      -0.19629538180353912,
      -0.3661333953811865,
      -0.9690520164172656
    ],
    [
      -0.6225083941121963,
      0.4876301390623614,
      0.7168795844186617,
      -0.593862467996924,
      -0.28555450495719725,
      0.9369626427064985
    ],
    [
      -0.9259554348819412,
      0.0551732298406975,
      0.04387056606493012,
      -0.06224888825057118,
      0.40219685940315797,
      -0.3971590289176776
    ],
    [
      -0.8284398780801485,
      -0.5787827511820134,
      -0.09495347248963948,
      -0.14549987221770322,
      0.050467052755739594,
      0.4699002983276519
    ],
    [
      0.3952998190106283,
      -0.8068125283818628,
      -0.545714609642143,
      -0.7519737795500692,
      -0.1495081756334815,
      -0.4421421796561531
    ],
    [
      0.3510235114347955,
      0.7520185047478052,
      -0.019677276811151945,
      -0.4296348799274512,
      -0.8907466353694233,
      0.6048051813535138
    ],
    [
      0.48381625823763597,
      -0.4259071150681226,
      -0.18432193745466807,
      0.2083447256217752,
      0.04795922063812097,
      0.9773254676973897
    ],
    [
      -0.06319454295242721,
      0.5192260143890037,
      0.6608257591284199,
      0.5204294003939234,
      0.6212931054953021,
      0.24305349603699766
    ]
  ],
  "WeightsHiddenOutput": [
    [
      -0.46098162045693725,
      -0.9166910401526238,
      -0.17852795714082337,
      0.4238898562443456
    ],
    [
      0.8528181249564892,
      -0.06473611999895779,
      0.1361421341157525,
      0.6755287913689156
    ],
    [
      0.9021852036359179,
      0.8337855188559578,
      0.5709424650028432,
      -0.8105243118935042
    ],
    [
      0.017963452791325496,
      0.707206653634314,
      -0.25603872939187755,
      0.41291709659089304
    ],
    [
      -0.8472357885728301,
      -0.06084284003666984,
      0.28526872328712605,
      -0.5731285269938362
    ],
    [
      0.5302595901857516,
      -0.16854667687116942,
      -0.8624757482780963,
      -0.6183600317602258
    ],
    [
      -0.7034459756392926,
      -0.8763157528793035,
      -0.27546644730473746,
      -0.1123518092001694
    ]
  ]
}