{
  "Fitness": 5961.2583072962,
  "Generation": 3,
  "WeightsInputHidden": [
    [
      0.6132403940798212,
      -0.11201693447134664,
      0.24851958455765044,
      -0.9500487950275358,
      -0.6938084307632033,
      0.38796787719117987
    ],
    [
      -0.4670062724331266,
      -0.9321514330595035,
      -0.10405569415405536,
      0.9591774883435241,
      -0.46232441697405857,
      -0.6307463908341007
    ],
    [
      0.31230189772011574,
      -1.019572417480009,
      0.8361194559524687,
      -0.29744398618855317,
      0.21440984025212395,
      0.6790003690550233
    ],
    [
      0.8931175596332737,
      -0.9128475541049589,
      0.14042011224663686,
      -0.5012836117335193,
      -0.8867431145499058,
      -0.21054190376185278
    ],
    [
      0.9981330070326371,
      -0.9949471877454998,
      0.8534880090348376,
      0.4571487005800301,
      0.30409756670763083,
      0.5879532580080626
    ],
    [
      -0.0456614847110397,
      0.07465967839437493,
      0.6419004055369,
      -0.6021027431219756,
      0.9145070608161663,
      0.905618618221772
    ],
    [
      0.7105320293309427,
      -0.11562199337854162,
      0.13745221211817182,
      -1.1277658845688887,
      0.15700738186035734,
      -0.2052621004112547
    ],
    [
      -0.419212077405126,
      -0.8657095785965985,
      0.502660890266146,
      -0.9390717117452663,
      0.12649423131593923,
      -0.8577829911161079
    ],
    [
      -0.4542213153499357,
      0.907870262509566,
      -0.6421794122757085,
      -0.5320900558541105,
      0.9953347668038222,
      -0.3029118716873612
    ],
    [
      0.04921165107043102,
      0.21261682312730978,
      0.21858043266533578,
      -0.38889357824293636,
      -0.03186942685841676,
      0.5007954768354537
    ],
    [
      -0.8004682925217255,
      0.619633942267821,
      0.982040121626488,
      -0.4675954697791229,
      0.47941125074409086,
      -0.8499935193471349
    ],
    [
      -0.6288608577292056,
      0.19092550259791796,
      -0.5833583740078236,
      0.5528266853418755,
      -0.9244846765174066,
      -0.8742568489688463
    ],
    [
      1.221540983891486,
      -0.46865464583509775,
      0.7366200417900428,
      -0.733623849284192,
      -0.9775472804012988,
      0.2351709719939612
    ],
    [
      0.4670360192857268,
      -0.49159875602867653,
      -0.3007287753842369,
      -0.36602962495261737,
      -0.2986688096462211,
      0.2189475634663054
    ],
    [
      0.6554607858602209,
      -0.7001454062957126,
      0.42024131911324614,
      -0.632091170340114,
      0.745334713281971,
      -0.7257372541001161
    ],
    [
      0.2928423171968728,
      0.02009423231979901,
      -0.393899256934338,
      -0.0668525063593642,
      -0.5002296319072836,
      -0.28094456796101897
    ],
    [
      -0.5620890291239207,
      -0.6349356952576928,
      -0.30638830512283377,
      -0.009648204132782112,
      0.04765247156960051,
      0.7187098265394463
    ],
    [
      0.4021604842796924,
      0.045401799648561836,
      0.0814946918987065,
      0.6682274654386242,
      0.31793579706337316,
      0.027550056496399966
    ],
    [
      0.49063453814558455,
      -0.06287501903970794,
      0.24086073476173486,
      0.7751864890770945,
      -0.3208744854918304,
      -0.9671648833162592
    ]
  ],
  "WeightsHiddenOutput": [
    [
      -0.6129919870881098,
      -0.10006497617974741,
      0.7781707118316643,
      -0.5690188723658411
    ],
    [
      0.23103530255344773,
      1.0099697479554177,
      -0.1809899320186632,
      -0.6720333690646398
    ],
    [
      0.549102954492199,
      0.6077390676166923,
      0.23959039808687538,
      0.6441596516830119
    ],
    [
      0.4622809046383627,
      -0.5602577811445855,
      -0.06986238540529266,
      0.2907466041686866
    ],
    [
      -0.30276221811687276,
      -0.8145713821794476,
      -0.9978269781185549,
      -0.8174263038128844
    ],
    [
      -0.41863086558092455,
      0.019188794000035925,
      0.08970278733152945,
      -0.8580191560782133
    ],
    [
      0.6687605987027703,
      -0.7104323706688935,
      -0.30196777074040404,
      0.7037747408065429
    ]
  ]
}