{
  "Fitness": 5519.0066347595275,
  "Generation": 3,
  "WeightsInputHidden": [
    [
      0.323702423785162,
      0.5539247689953473,
      0.6886609868189293,
      -0.6225154909816168,
      0.5108207277199397,
      0.16609979320604906
    ],
    [
      -0.34329066585962287,
      0.24271141912836014,
      0.8394807632892347,
      -0.8112256801171684,
      0.1004777039309987,
      0.916628173256059
    ],
    [
      0.3438644859197528,
      0.4794387864764458,
      0.9852963473106995,
      -0.25009342109811716,
      -0.1641458670795577,
      0.7113347392629257
    ],
    [
      0.31395623925629645,
      0.9484223730493355,
      -0.9697041765351162,
      0.37957911319578197,
      0.08049414875846472,
      0.21901851061679442
    ],
    [
      0.32108592695093896,
      0.5052017442262845,
      0.2232697359522633,
      -0.36780031812173886,
      0.9050709060476894,
      -0.23369906109951932
    ],
    [
      -0.7058841252473147,
      0.07505034470563099,
      0.1434357537649913,
      -0.37635836287137736,
      0.6087465545830659,
      0.602653657081351
    ],
    [
      -0.32658481291741426,
      -0.8223435026989965,
      -0.7294348370160495,
      0.01863341330667523,
      0.749759840802266,
      0.5637848781924819
    ],
    [
      -1.172631723129639,
      0.4043685417870011,
      -0.5108962275556304,
      0.47285775232784255,
      -0.5848118512371752,
      0.660836957243676
    ],
    [
      -0.14240962384564404,
      0.6542415978071281,
      -0.1538136014195337,
      -0.5331387298394179,
      -0.7256609196115794,
      0.03796245599485415
    ],
    [
      -0.7173805187053583,
      0.8724322246743821,
      0.6716643965510289,
      -0.1463512772632387,
      0.49207836341114364,
      -0.8616914594876104
    ],
    [
      -0.8124111818532986,
      1.4493017673552642,
      0.44120833076931265,
      0.6240836814343018,
      -0.12714819401653488,
      0.5940256879163179
    ],
    [
      0.523566333499621,
      0.7354828583084743,
      -0.5762629252241754,
      -0.582675268083336,
      -0.8064476081520495,
      0.2920046653054366
    ],
    [
      -0.1540401958694695,
      -0.36301809056424217,
      0.1176871009666465,
      0.7004122394421,
      -0.5791298424514141,
      -0.733613120843821
    ],
    [
      0.7140140193454025,
      -0.897025984461886,
      -0.3250606059045875,
      0.5882394113677061,
      0.5142966723029434,
      -0.4641911464178117
    ],
    [
      -0.9008368668500328,
      0.3079434791142297,
      -0.249512920131016,
      -0.4423742372522448,
      0.6283840359988089,
      -0.18055847718896345
    ],
    [
      -0.031800764843460394,
      -0.5450803619703863,
      -0.847074078434598,
      1.263753620063318,
      -0.8173210844172658,
      0.33057714530806825
    ],
    [
      -0.759665386630638,
      0.32861169457691997,
      0.5389710817643842,
      0.864259849766523,
      -0.2677852829871925,
      0.38582207456323303
    ],
    [
      0.1392334210171262,
      0.5281947343372235,
      0.7979983894275616,
      -0.5493590179984775,
      -0.5341136028497624,
      0.26813607885243673
    ],
    [
      -0.7080492362443127,
      -0.805295306142984,
      -0.37085487100417014,
      0.3811618883510204,
      -0.42399438985282867,
      0.5438026668295199
    ]
  ],
  "WeightsHiddenOutput": [
    [
      -0.7760978093634259,
      0.4976594918418604,
      -0.14350097928665484,
      0.520788604150209
    ],
    [
      0.7026577945680901,
      -0.9916177233610652,
      -0.924098639476884,
      -0.5729245204852677
    ],
    [
      0.9629972585519988,
      -0.5687144069700423,
      0.6670719370391722,
      -0.6247689105900875
    ],
    [
      0.5342538231987697,
      -0.936334781100564,
      -0.5851442035080499,
      -0.44081013703536365
    ],
    [
      -0.4001363169511597,
      -0.5442555251320194,
      0.0382921447416511,
      -0.14257503423764178
    ],
    [
      -0.15560577185291624,
      0.41008769602743733,
      0.7491595643153754,
      -0.19133393267430154
    ],
    [
      -0.41057423058563786,
      -0.24446894892342463,
      0.09978723512347765,
      1.1367935759475638
    ]
  ]
}